date,date,symbol,open,high,low,close,Volume USD,Volume BTC,hourly_log_returns,rolling_vol,ewma_vol,ewma_vol_step,positive_directional_movement,negative_directional_movement,atr,positive_directional_indicator,negative_directional_indicator,dx,adx,cross_over,trade_cycle,trade_group,u1,u0,u11,u10,u01,u00,expected_profit,trade_profit
2024-01-03 00:00:00,03-01-24 00:00,BTC/USD,45003.0,45262.0,44932.0,45190.0,1460440.66,32.31778403,0.004346675875881034,0.004170914435662885,0.005350089109939315,241.77052687815765,179.0,0.0,400.9583333333333,0.10360594409227891,0.17416606048009975,25.402169846614292,21.273467944338037,-1,-1.0,1,1,,,1,,,17.120920649634172,0.0
2024-01-04 17:00:00,04-01-24 17:00,BTC/USD,43988.0,44293.0,43927.0,44087.0,3593504.085,81.50938112,0.002134424061917221,0.005276944538910368,0.007070412768189182,311.71328771115645,91.0,0.0,368.0,0.19282155797101447,0.1907835144927536,0.5312868949232574,40.600990585139535,1,1.0,2,,,,,,,20.736799968824744,
2024-01-04 18:00:00,04-01-24 18:00,BTC/USD,44068.0,44197.0,43945.0,44119.0,1417035.977,32.11849717,0.0007255742558078079,0.0052748488342902146,0.006930626324647624,305.77230281712855,0.0,18.0,335.5833333333333,0.20995778495157685,0.21144772783709959,0.35356511490866493,38.54767965147173,-1,-1.0,3,,,,,,,14.32940647877058,
2024-01-04 19:00:00,04-01-24 19:00,BTC/USD,44109.0,44480.0,43996.0,44035.0,7298155.54,165.7353364,-0.0019057564131712895,0.005276104740389494,0.006808999333670797,299.83428565819355,283.0,0.0,321.375,0.2559315441462466,0.200959419162453,12.031782065834278,36.90981341747282,1,1.0,4,1,,1,,,,18.109481220143415,321.0
2024-01-05 02:00:00,05-01-24 02:00,BTC/USD,43399.0,44028.0,43334.0,43555.0,8563970.938,196.6242897,0.003219503758246768,0.005443266617393813,0.007297465920602589,317.84112817184575,0.0,921.0,435.1666666666667,0.17761394101876676,0.22252010723860588,11.222780569514232,29.055387962367732,-1,-1.0,5,1,,,1,,,18.581615828365102,0.0
2024-01-09 14:00:00,09-01-24 14:00,BTC/USD,46859.0,47022.0,46535.0,46599.0,5902948.416,126.6754311,-0.00586273503978026,0.005851118555685002,0.006722781879373452,313.2749127969235,0.0,434.0,501.8333333333333,0.21230488209897047,0.24726004649618066,7.60614272809394,21.9347142356102,-1,-1.0,6,1,,,1,,,21.428282415238755,0.0
2024-01-13 23:00:00,13-01-24 23:00,BTC/USD,42982.0,42982.0,42811.0,42847.0,233017.0471,5.43835151,-0.003169057761151608,0.007082601225323212,0.006652752207873597,285.05047385076,0.0,0.0,238.29166666666666,0.18132540653960486,0.15212449728973598,8.757210277923445,27.540575512165134,1,1.0,7,,1,,,,1,13.427735385548136,-119.0
2024-01-15 01:00:00,15-01-24 01:00,BTC/USD,42252.0,42393.0,42179.0,42262.0,1396108.202,33.0345985,0.000141981589958994,0.006973452939280666,0.005701255651623702,240.9464663489209,0.0,479.0,252.41666666666666,0.09838230439088808,0.13750412677451304,16.58502449265221,22.9594313834413,-1,-1.0,8,1,,,,,,10.778191019207952,
2024-01-15 03:00:00,15-01-24 03:00,BTC/USD,42411.0,42635.0,42387.0,42570.0,1870240.254,43.93329233,0.0038127561545560256,0.006978309114952048,0.005603807943734353,238.55410416477142,217.0,0.0,261.1666666666667,0.13369495851946392,0.13289725590299936,0.2992220227408645,21.354820612616138,1,1.0,9,,,,,,,14.71674163377849,
2024-01-15 04:00:00,15-01-24 04:00,BTC/USD,42570.0,42635.0,42513.0,42608.0,1389556.71,32.61257768,0.0008922492315155379,0.006976245233341065,0.005498826069296078,234.29398116056728,0.0,126.0,261.1666666666667,0.13369495851946392,0.15299936183790683,6.733444629938797,20.907503684943364,-1,-1.0,10,1,,,1,,,11.151815972965778,0.0
2024-01-17 16:00:00,17-01-24 16:00,BTC/USD,42511.0,42583.0,42297.0,42393.0,3290719.643,77.62412764,-0.0028266572421242514,0.007009280838836695,0.0038034811068003004,161.24097456058513,0.0,0.0,228.125,0.108675799086758,0.09296803652968036,7.789855072463774,24.12604300502998,1,1.0,11,,1,,,1,,12.854843720420995,-114.0
2024-01-17 21:00:00,17-01-24 21:00,BTC/USD,42734.0,42829.0,42626.0,42694.0,740015.6434,17.33301268,-0.0008194514816511313,0.007010119779751605,0.0036201851864388107,154.5601863498186,0.0,45.0,219.83333333333334,0.08339651250947687,0.1315390447308567,22.39858906525573,21.154865222859335,-1,-1.0,12,,1,,,1,,9.386882976582456,0.0
2024-01-19 18:00:00,19-01-24 18:00,BTC/USD,41289.0,42024.0,41062.0,41867.0,7624586.595,182.1144719,0.013901806452228152,0.006843773143346875,0.006971863738790459,291.89101915194016,734.0,0.0,365.375,0.1501881628463907,0.13752993499828942,4.399524375743167,45.53083428131808,1,1.0,13,,,,,,,20.588881220476953,
2024-01-19 19:00:00,19-01-24 19:00,BTC/USD,41868.0,41958.0,41632.0,41846.0,5158336.366,123.2695208,-0.0005017142006738266,0.0068354054187125925,0.006834763245821066,286.00750278462834,0.0,570.0,350.4166666666667,0.15659928656361474,0.2111771700356718,14.839961202715804,45.532324227961,-1,-1.0,14,1,,,1,,,14.96278975061341,0.0
2024-01-19 22:00:00,19-01-24 22:00,BTC/USD,41687.0,41785.0,41590.0,41738.0,1902436.608,45.58044486,0.0009348371307751626,0.006503338199506725,0.006514112501971374,271.8860276072812,0.0,0.0,337.4583333333333,0.1939745647610816,0.17594764785776024,4.873164218958602,41.641414841510674,1,1.0,15,,1,,,1,,19.015777055470814,-168.0
2024-01-23 23:00:00,23-01-24 23:00,BTC/USD,39530.0,39938.0,39527.0,39938.0,7883928.063,197.404178,0.01042016928848342,0.004577674963767673,0.00562908934738874,224.81457035601147,348.0,0.0,331.0,0.18227593152064453,0.1587361530715005,6.902916205241795,36.05269479112018,1,1.0,16,1,,,1,,,18.65184997125745,0.0
2024-01-25 10:00:00,25-01-24 10:00,BTC/USD,40083.0,40163.0,40013.0,40163.0,2275372.671,56.65345396,0.001993869513830763,0.004578699046882558,0.004292906001507858,172.4159837385601,0.0,0.0,226.91666666666666,0.12174072713918473,0.18215203819316933,19.879154078549856,33.51571816036394,-1,-1.0,17,1,,,1,,,9.689341219828748,0.0
2024-01-25 15:00:00,25-01-24 15:00,BTC/USD,40009.0,40035.0,39646.0,39818.0,6199445.632,155.694551,-0.004885329955271449,0.004495835146492278,0.0042924181584479615,170.91550623308092,0.0,0.0,225.79166666666666,0.15611736482745894,0.14799778556929322,2.669902912621364,24.206592647707087,1,1.0,18,,1,,,1,,12.723360387543778,-112.0
2024-01-27 11:00:00,27-01-24 11:00,BTC/USD,41750.0,41794.0,41714.0,41766.0,338737.457,8.11036386,0.00023945786853241075,0.004685620832180793,0.004551714982872096,190.10692797463597,0.0,55.0,227.08333333333334,0.1768807339449541,0.28660550458715595,23.673792557403015,30.680898837677407,-1,-1.0,19,1,,,1,,,9.696457884480878,0.0
2024-01-28 04:00:00,28-01-24 04:00,BTC/USD,42222.0,42721.0,42221.0,42694.0,17830181.92,417.6273462,0.0111406675420997,0.004730374305824748,0.004029410017093116,172.03163126977347,499.0,0.0,151.75,0.2800658978583196,0.18698517298187808,19.929453262786595,25.61588166470182,1,1.0,20,1,,,1,,,8.551112485167819,0.0
2024-02-01 17:00:00,01-02-24 17:00,BTC/USD,42664.0,43154.0,42642.0,42926.0,3323295.527,77.41917549,0.006122229661172003,0.004662127955515499,0.004945949229472067,212.30981662431796,463.0,0.0,309.4166666666667,0.1399138163210342,0.12900619445192565,4.056084126189285,26.557153709165238,1,1.0,21,,,,,,,17.435629135677594,
2024-02-01 18:00:00,01-02-24 18:00,BTC/USD,42945.0,43049.0,42781.0,42854.0,1987346.918,46.37482891,-0.0016787133809389124,0.004618407163324244,0.004863334072301314,208.41331833440051,0.0,139.0,310.4166666666667,0.13946308724832213,0.14268456375838925,1.141769743101813,26.11014750266169,-1,-1.0,22,,,,,,,13.254790160292032,
2024-02-01 19:00:00,01-02-24 19:00,BTC/USD,42854.0,43273.0,42835.0,43205.0,3607932.579,83.50729265,0.008157239714828617,0.004579455514166796,0.005015117650495733,216.67815808966816,224.0,0.0,307.625,0.17106867127184072,0.14397941216307733,8.598452278589857,25.794784716816384,1,1.0,23,,1,,,1,,17.334668718861728,-153.0
2024-02-03 05:00:00,03-02-24 05:00,BTC/USD,43193.0,43209.0,43106.0,43161.0,822317.3108,19.05232295,-0.0007411353606028492,0.004227261898361424,0.0039025590231801664,168.43834999947916,0.0,0.0,196.04166666666666,0.19277364505844846,0.19553666312433585,0.7115489874110642,22.969004541246477,-1,-1.0,24,,1,,,1,,8.370979084719693,0.0
2024-02-05 16:00:00,05-02-24 16:00,BTC/USD,42648.0,42769.0,42490.0,42737.0,7762082.444,181.6244108,0.0020612285657336067,0.0037690767280262063,0.003941530912366212,168.4492066017948,0.0,0.0,244.66666666666666,0.2053814713896458,0.20129427792915533,1.0050251256281417,20.03789978343984,1,1.0,25,,1,,,1,,13.786966634810572,-122.0
2024-02-07 02:00:00,07-02-24 02:00,BTC/USD,43050.0,43100.0,43016.0,43055.0,724435.972,16.82582678,2.3226375873586875e-05,0.0038350288000590384,0.00305638322929112,131.5925799371292,0.0,0.0,186.54166666666666,0.14630332812150995,0.1617154344427072,5.003625815808562,21.610598241323586,-1,-1.0,26,,,,,,,7.965327199766762,
2024-02-07 03:00:00,07-02-24 03:00,BTC/USD,43054.0,43054.0,42788.0,42795.0,1128384.012,26.3671927,-0.006057094814555474,0.0038514564923840763,0.003229339985551516,138.19960468167713,0.0,0.0,190.45833333333334,0.14329468387661343,0.1312623058411726,4.382470119521914,21.06519620634084,1,1.0,27,1,,1,,,,10.73232706476382,190.0
2024-02-09 16:00:00,09-02-24 16:00,BTC/USD,47174.0,47492.0,47163.0,47303.0,3418539.814,72.26898534,0.002773222206032763,0.004022870656136576,0.004856373690313002,229.72104467287593,0.0,376.0,351.7916666666667,0.2782186426625607,0.2918393935804809,2.3893621441928157,29.006260651393053,-1,-1.0,28,,,,,,,15.021502252910068,
2024-02-09 17:00:00,09-02-24 17:00,BTC/USD,47302.0,47666.0,47244.0,47666.0,4948958.713,103.8257608,0.007644637046250138,0.004047782521832441,0.004903448748747733,233.72778805780942,174.0,0.0,356.0,0.2952949438202247,0.28838951310861427,1.1830759975937335,27.735194122569144,1,1.0,29,1,,,1,,,20.060599975502303,0.0
2024-02-13 15:00:00,13-02-24 15:00,BTC/USD,48743.0,49065.0,48491.0,48797.0,6523448.827,133.6854484,0.001250858846823737,0.004302761577746959,0.006128757784989942,299.06499363415423,0.0,67.0,379.0416666666667,0.12201824777399142,0.17983950752995492,19.155134741442097,27.685058599577946,-1,-1.0,30,,,,,,,16.18507545997818,
2024-02-13 16:00:00,13-02-24 16:00,BTC/USD,48770.0,48888.0,48508.0,48511.0,3306260.669,68.15486526,-0.005878259208593067,0.004322092733008324,0.006107685512748884,296.28993190896114,0.0,17.0,373.8333333333333,0.12371823450735622,0.10164957646009809,9.79228486646884,27.13712234736835,1,1.0,31,,,,,,,21.065508298967252,
2024-02-13 17:00:00,13-02-24 17:00,BTC/USD,48511.0,48898.0,48322.0,48870.0,18901354.16,386.7680409,0.007373134931081486,0.004341385936897663,0.006181428964818176,302.0864335106643,10.0,0.0,370.2916666666667,0.08911893777427703,0.10262180713401597,7.042253521126762,26.36235795031129,-1,-1.0,32,,,,,,,15.81145165910857,
2024-02-13 18:00:00,13-02-24 18:00,BTC/USD,48868.0,49703.0,48851.0,49152.0,17077192.91,347.4363791,0.00575382624314357,0.004346064199456696,0.006169304034087965,303.2336318834916,805.0,0.0,394.0,0.1688874788494078,0.086082910321489,32.476150974699294,26.75575350550533,1,1.0,33,1,,1,,,,22.201899956391077,393.0
2024-02-15 22:00:00,15-02-24 22:00,BTC/USD,51290.0,51800.0,51290.0,51643.0,2286657.278,44.27816506,0.0070538461789944095,0.0047758085319007885,0.005716847530766284,295.2351570313632,53.0,0.0,408.375,0.13794510764207735,0.11978369554127129,7.046714172604918,24.62551712635494,1,1.0,34,,,,,,,23.011931200062868,
2024-02-15 23:00:00,15-02-24 23:00,BTC/USD,51637.0,51978.0,51621.0,51893.0,1339456.234,25.81188665,0.004829247524863589,0.004774668112559094,0.0056753241993506565,294.50959867690364,0.0,331.0,417.9583333333333,0.13478217525670422,0.1371747582494268,0.8797653958944335,23.043367711544235,-1,-1.0,35,1,,,1,,,17.84682035386686,0.0
2024-02-17 21:00:00,17-02-24 21:00,BTC/USD,51535.0,52005.0,51482.0,51791.0,6791095.896,131.1250197,0.00497460498410831,0.0048290944102449135,0.004067894168454291,210.6803068784162,406.0,0.0,258.375,0.20206418319625868,0.20174165457184326,0.07987220447284536,21.793648366043815,1,1.0,36,,,,,,,14.559431217201006,
2024-02-17 22:00:00,17-02-24 22:00,BTC/USD,51796.0,51860.0,51610.0,51719.0,3213349.602,62.13093065,-0.0013911701596392267,0.004830114081393935,0.003998422261719518,206.79440095387176,0.0,128.0,264.0,0.1977588383838384,0.19791666666666666,0.039888312724365875,21.302333609760108,-1,-1.0,37,,1,,,1,,11.272799251886681,0.0
2024-02-25 02:00:00,25-02-24 02:00,BTC/USD,51740.0,51963.0,51646.0,51666.0,11239426.67,217.5400973,-0.001431251815799916,0.003850989433715856,0.00277670365885313,143.46117123830584,223.0,0.0,156.29166666666666,0.28365769128232476,0.2346041055718475,9.465020576131698,43.50752053718051,1,1.0,38,,1,,,1,,8.807035400806456,-78.0
2024-02-25 17:00:00,25-02-24 17:00,BTC/USD,51399.0,51572.0,51385.0,51563.0,573401.6457,11.12040893,0.0031856439986360707,0.003651032555015436,0.0025222726641894668,130.05594538360148,0.0,78.0,162.33333333333334,0.14399383983572894,0.1555441478439425,3.856041131105398,21.81503809704121,-1,-1.0,39,,,,,,,6.931633310409779,
2024-02-25 18:00:00,25-02-24 18:00,BTC/USD,51563.0,51563.0,51508.0,51563.0,3102798.835,60.17490905,0.0,0.0036488021197790266,0.002472383054053543,127.48348741616284,0.0,123.0,154.875,0.1509281678773204,0.128060263653484,8.196721311475406,21.355192982210912,1,1.0,40,1,,1,,,,8.727206234452025,154.0
2024-02-26 13:00:00,26-02-24 13:00,BTC/USD,51207.0,51437.0,51197.0,51257.0,1654911.094,32.28653831,0.0009954813778960416,0.003536348982809481,0.002609953459953952,133.77838449685973,0.0,241.0,191.125,0.12600828428166558,0.16677567037279267,13.924050632911388,25.853793282990797,-1,-1.0,41,,,,,,,8.161037455080077,
2024-02-26 14:00:00,26-02-24 14:00,BTC/USD,51256.0,51700.0,51256.0,51676.0,5153837.106,99.73366952,0.008141263040615371,0.003508654052759883,0.0030301964881036462,156.58843371924402,263.0,0.0,203.45833333333334,0.1580995289780872,0.15666598402621337,0.45543266102797364,24.428526487667284,1,1.0,42,1,,1,,,,11.46487706080853,203.0
2024-02-26 17:00:00,26-02-24 17:00,BTC/USD,53360.0,53445.0,53214.0,53445.0,10655828.73,199.3793381,0.0015729456644590803,0.0038371031520946165,0.005308821246294038,283.72995150818485,0.0,454.0,256.7083333333333,0.3080668722609966,0.3627657847751989,8.153883377691754,23.64977286978822,-1,-1.0,43,,1,,,,,10.96144517466746,
2024-02-26 19:00:00,26-02-24 19:00,BTC/USD,53542.0,54325.0,53422.0,54325.0,73225488.1,1347.915105,0.01449945674745096,0.003937795849478924,0.00570988273468975,310.1893795620207,782.0,0.0,295.9166666666667,0.36961419318501826,0.29738101943114614,10.829639012032926,23.039595831177223,1,1.0,44,,,,,,,16.674904134685253,
2024-02-26 20:00:00,26-02-24 20:00,BTC/USD,54325.0,54720.0,54212.0,54397.0,28194319.29,518.3065112,0.001324479139925041,0.003937762502196554,0.005598066869531282,304.51804350189315,0.0,790.0,304.875,0.32690993576602434,0.3966106327729944,9.633547412164715,22.030510718933794,-1,-1.0,45,1,,1,,,,13.018161086446526,-304.0
2024-02-29 17:00:00,29-02-24 17:00,BTC/USD,62149.0,62336.0,60488.0,60898.0,13102438.29,215.1538358,-0.020334394268600207,0.005847373251595531,0.009145598886502035,556.948680990201,0.0,0.0,971.2083333333334,0.1480543995881419,0.1811746535672916,10.059942663539227,22.07149171079197,-1,-1.0,46,1,,,,,,41.470595748318374,
2024-02-29 19:00:00,29-02-24 19:00,BTC/USD,60754.0,61630.0,60580.0,61565.0,11210565.01,182.0931537,0.013836863331284519,0.00590290362018807,0.009197468047707177,566.2421203570924,0.0,379.0,929.8333333333334,0.15464240903387702,0.13380534145904283,7.223862047537673,20.076938947558883,1,1.0,47,1,,,1,,,52.39610432015279,0.0
2024-03-02 04:00:00,02-03-24 04:00,BTC/USD,62234.0,62234.0,61985.0,61992.0,2160959.645,34.85868571,-0.004281696682168947,0.005961984317974138,0.006449335219154549,399.8071889058288,0.0,0.0,485.7916666666667,0.22351831203362207,0.18457843725877005,9.541824295922652,36.2135034091148,1,1.0,48,1,,,1,,,27.37436022206589,0.0
2024-03-06 05:00:00,06-03-24 05:00,BTC/USD,64636.0,66424.0,64288.0,66424.0,37299139.49,561.5310655,0.02739521049532954,0.007931121560621065,0.013700952243337151,910.072051811427,1537.0,0.0,1477.5833333333333,0.19310811572951328,0.16471152219276974,7.936007565608001,20.13346243965459,1,1.0,49,,1,,,1,,83.26181950157284,-738.0
2024-03-10 01:00:00,10-03-24 01:00,BTC/USD,68225.0,69140.0,68223.0,68834.0,9440342.092,137.1464987,0.008901399812775742,0.007255293274702305,0.004421056306176642,304.31898977936294,840.0,0.0,254.33333333333334,0.23361730013106158,0.17496723460026212,14.354450681635921,26.974140448563087,1,1.0,50,,,,,,,14.33168330071938,
2024-03-10 02:00:00,10-03-24 02:00,BTC/USD,68840.0,69114.0,68680.0,68699.0,5440513.871,79.19349439,-0.00196316583449386,0.007247031798513629,0.004361996015296175,299.66476425483194,0.0,457.0,257.625,0.2193110140708394,0.24664402393660034,5.866018743491843,27.04515321923672,-1,-1.0,51,,,,,,,11.000586839609241,
2024-03-10 03:00:00,10-03-24 03:00,BTC/USD,68697.0,69019.0,68591.0,69000.0,2831998.92,41.04346261,0.00437186151565293,0.007247858198634023,0.004343319228816677,299.68902678835076,0.0,0.0,267.7083333333333,0.21105058365758755,0.19766536964980544,3.274942878903279,26.781949308578778,1,1.0,52,1,,1,,,,15.085364550362009,267.0
2024-03-14 16:00:00,14-03-24 16:00,BTC/USD,70807.0,71330.0,69745.0,71248.0,17324747.27,243.1611733,0.006095905912986714,0.0073257436678754225,0.005417554561312701,385.98992738440734,0.0,0.0,624.625,0.08078180241478221,0.07958108198252285,0.7487520798668884,29.58071080163228,1,1.0,53,,,,,,,35.19761839655312,
2024-03-14 17:00:00,14-03-24 17:00,BTC/USD,71252.0,71370.0,70688.0,70984.0,4125124.38,58.11343936,-0.003712249046309949,0.007326179471082209,0.00534582809792676,379.4682617032331,0.0,943.0,633.1666666666666,0.0796920242168992,0.11805738352197948,19.400998336106486,28.202688160722445,-1,-1.0,54,,1,,,,1,27.036215906888174,633.0
2024-03-14 20:00:00,14-03-24 20:00,BTC/USD,69317.0,71115.0,69252.0,70662.0,12806303.8,181.2332484,0.019318750157573082,0.007477060243292884,0.00714443198871898,504.8398531868605,723.0,0.0,804.5416666666666,0.090890258428712,0.0864881661401419,2.481751824817517,26.24214113063999,1,1.0,55,,,,,,,45.335922299774104,
2024-03-14 21:00:00,14-03-24 21:00,BTC/USD,70662.0,71057.0,70224.0,71025.0,7891543.101,111.1093714,0.00512398165278525,0.0074837988171811585,0.007096665499881515,504.0406671290846,0.0,972.0,823.2083333333334,0.08882927569975198,0.13245938148504327,19.716376944190305,25.777614896936257,-1,-1.0,56,1,,1,,,,35.150994467081546,-823.0
2024-03-16 10:00:00,16-03-24 10:00,BTC/USD,68962.0,68980.0,68279.0,68318.0,25652896.47,375.4924979,-0.009135810246565972,0.006825713312150713,0.00966580975032013,660.3487905223707,0.0,0.0,877.125,0.2159042325780248,0.1748610517315092,10.503282275711157,27.164738528727796,1,1.0,57,,1,,,1,,49.42599205354411,-438.0
2024-03-19 16:00:00,19-03-24 16:00,BTC/USD,64091.0,65342.0,64047.0,65108.0,42807492.06,657.4843654,0.015291101787899523,0.007679749272798098,0.0091167914161774,593.5760555244782,0.0,1378.0,950.875,0.08141623942859648,0.11003023530958328,14.94621194781414,22.502825177237938,-1,-1.0,58,1,,,1,,,40.60236243538384,0.0
2024-03-20 16:00:00,20-03-24 16:00,BTC/USD,63664.0,63840.0,61735.0,63132.0,21547228.71,341.3043893,-0.00843860243023817,0.008302927213246143,0.009873967962116892,623.3633453843636,0.0,0.0,1049.1666666666667,0.14598888006354246,0.1336378077839555,4.416986223547785,21.746649374418727,1,1.0,59,,,,,,,59.12053690522055,
2024-03-20 17:00:00,20-03-24 17:00,BTC/USD,63160.0,64779.0,62884.0,64148.0,17591455.21,274.2323254,0.015965141109891928,0.008369800886605945,0.010218064548924625,655.4684046844169,0.0,1149.0,1082.5,0.14149345650500383,0.14572748267898383,1.474135620477089,20.679139640405026,-1,-1.0,60,1,,1,,,,46.22274974580978,-1082.0
2024-03-22 23:00:00,22-03-24 23:00,BTC/USD,63026.0,63850.0,62996.0,63828.0,6686064.655,104.7512793,0.012628759538580807,0.008590409475043229,0.008248227619328202,526.4678724864805,634.0,0.0,750.8333333333334,0.12341842397336293,0.1225860155382908,0.33837130611323984,21.7487321373126,1,1.0,61,,,,,,,42.30945764154191,
2024-03-23 00:00:00,23-03-24 00:00,BTC/USD,63826.0,63847.0,63580.0,63588.0,3828838.595,60.21322568,-0.0037671922495554778,0.008592799608991794,0.008107535132055154,515.5419439771231,0.0,584.0,738.0,0.10721544715447154,0.15768970189701897,19.0537084398977,21.97584743995539,-1,-1.0,62,1,,1,,,,31.512596983366166,-737.0
2024-03-28 20:00:00,28-03-24 20:00,BTC/USD,70836.0,70877.0,70700.0,70739.0,8860794.828,125.2603914,-0.0013561814275759698,0.0071126499894617005,0.004850939097113835,343.15058079073555,0.0,187.0,490.9166666666667,0.20370056017654048,0.22848412833135293,5.734485467399848,26.990404650694046,-1,-1.0,63,,,,,,,20.962140794892548,
2024-03-28 21:00:00,28-03-24 21:00,BTC/USD,70719.0,70937.0,70711.0,70841.0,469454.7756,6.62687957,0.0014408817297243575,0.007107067607598228,0.00475921855915272,337.1478019489378,60.0,0.0,486.2916666666667,0.21077885356867448,0.20666609545026132,0.9852216748768476,26.03251781888991,1,1.0,64,,,,,,,27.402535219992224,
2024-03-28 22:00:00,28-03-24 22:00,BTC/USD,70839.0,70879.0,70589.0,70869.0,365609.5992,5.1589496,0.00039517324626882263,0.007106774239663591,0.00466497724760329,330.6022725603976,0.0,0.0,477.0416666666667,0.19678574547995456,0.21067342125949864,3.408360128617368,25.10870335696373,-1,-1.0,65,,,,,,,20.369678415881936,
2024-03-28 23:00:00,28-03-24 23:00,BTC/USD,70866.0,71064.0,70715.0,70776.0,1847759.752,26.10715146,-0.0013131421986466573,0.007107088812586412,0.004585531140508714,324.54555200064476,185.0,0.0,471.1666666666667,0.2155995755217545,0.19623275557127695,4.7025982392097925,24.15201850694002,1,1.0,66,,,,,,,26.55024153496977,
2024-03-29 00:00:00,29-03-24 00:00,BTC/USD,70786.0,70814.0,70633.0,70734.0,682756.4683,9.65245099,-0.0005935976430393948,0.007090262985437387,0.0044987186092691,318.2123621080405,0.0,0.0,455.9166666666667,0.19256077499543045,0.20279656369950647,2.58899676375404,23.12898974119281,-1,-1.0,67,,1,,,,1,19.467640685139486,455.0
2024-04-01 12:00:00,01-04-24 12:00,BTC/USD,69541.0,69863.0,69492.0,69849.0,2437148.635,34.8916754,0.004433642628505838,0.005143279266572943,0.004428956158721525,309.3581587305398,37.0,0.0,372.375,0.16112789526686808,0.1613516840102943,0.06939625260236144,21.052965607382923,-1,-1.0,68,,,,,,,15.900409758465685,
2024-04-01 13:00:00,01-04-24 13:00,BTC/USD,69855.0,70095.0,69669.0,69939.0,1678369.239,23.99761562,0.0012876643551033827,0.004974649598481131,0.004351291833959649,304.3249995753039,232.0,0.0,380.7916666666667,0.16533537586169164,0.15778531568005252,2.336606840501182,20.50136740865805,1,1.0,69,,1,,,,1,21.457610379004223,-190.0
2024-04-04 13:00:00,04-04-24 13:00,BTC/USD,66639.0,67474.0,66639.0,67275.0,15234571.87,226.4522017,0.009573738822273185,0.005202391610065817,0.005049939295831026,339.7346661270323,738.0,0.0,472.875,0.23402942990571857,0.18715305313243458,11.129707112970712,25.721097343269843,1,1.0,70,1,,,,,,26.646506110810257,
2024-04-04 15:00:00,04-04-24 15:00,BTC/USD,67712.0,67797.0,67455.0,67613.0,2254542.227,33.34480392,-0.001463144543307326,0.005051160536752292,0.005003749838829052,338.3185378527487,0.0,350.0,441.0416666666667,0.22257912139820502,0.23372697213037316,2.4430641821946133,23.42822372665015,-1,-1.0,71,,,,,,,18.83247823428701,
2024-04-04 16:00:00,04-04-24 16:00,BTC/USD,67613.0,68099.0,67544.0,67806.0,7695606.839,113.4944819,0.002850414353596572,0.005044208958368887,0.004923188849349541,333.82174311899496,302.0,0.0,432.7916666666667,0.25589679406950994,0.2288437469914316,5.580933465739817,22.305755147214423,1,1.0,72,1,,1,,,,24.387810357469668,432.0
2024-04-07 23:00:00,07-04-24 23:00,BTC/USD,69166.0,69419.0,69166.0,69342.0,477717.2089,6.88929089,0.0025413708193840496,0.004972129175512939,0.003871226205654939,268.4385675525248,0.0,278.0,364.5833333333333,0.152,0.16594285714285714,4.385334291876349,39.68904935102059,-1,-1.0,73,,1,,,1,,15.567706245201407,0.0
2024-04-08 02:00:00,08-04-24 02:00,BTC/USD,69393.0,69393.0,69120.0,69191.0,550032.3503,7.94947826,-0.003001661825136822,0.004972919216744177,0.0037214575677513686,257.4913705702849,0.0,0.0,360.2916666666667,0.1612119810338846,0.1326471608650399,9.720582447855183,33.69949942719867,1,1.0,74,1,,1,,,,20.302435390849883,360.0
2024-04-10 16:00:00,10-04-24 16:00,BTC/USD,68724.0,69572.0,68641.0,69558.0,11862382.94,170.5394482,0.012469963546135863,0.005415125682099497,0.005522081404480549,384.104938332858,775.0,0.0,507.875,0.20132906719173024,0.20075477889900728,0.14282799428688425,59.02386343430507,1,1.0,75,,,,,,,28.618755974023067,
2024-04-10 17:00:00,10-04-24 17:00,BTC/USD,69573.0,69930.0,69221.0,69409.0,9278410.836,133.677345,-0.0021443948145553975,0.005416085923557655,0.0054292433177793,376.8383494437434,0.0,580.0,508.75,0.200982800982801,0.2479115479115479,10.45429666119321,55.819698291451196,-1,-1.0,76,,1,,,,,21.72362360592342,
2024-04-10 19:00:00,10-04-24 19:00,BTC/USD,69399.0,70126.0,69332.0,70126.0,8513762.018,121.4066397,0.010435575337042844,0.005448172892914011,0.005608647418872742,393.3120088958699,625.0,0.0,529.5833333333334,0.2286388670338316,0.19583005507474427,7.729379054680259,49.32554543383322,1,1.0,77,,1,,,1,,29.842020507160676,-264.0
2024-04-12 19:00:00,12-04-24 19:00,BTC/USD,66587.0,67375.0,66418.0,66914.0,6635787.937,99.16890243,0.004868814064397796,0.005059096091971252,0.006768004382485669,452.8742452496461,0.0,1315.0,634.125,0.09744398449306788,0.16459688547210724,25.62688064192578,26.239319300773957,-1,-1.0,78,1,,,1,,,27.0771367725838,0.0
2024-04-13 22:00:00,13-04-24 22:00,BTC/USD,62999.0,64677.0,62237.0,64378.0,13391444.91,208.0127514,0.021653106590128916,0.006507284611085388,0.013108241962887733,843.8824010867864,1678.0,0.0,836.8333333333334,0.15211113324039036,0.08524198366859191,28.17285504510174,50.397183050406426,1,1.0,79,,,,,,,47.15555741066076,
2024-04-13 23:00:00,13-04-24 23:00,BTC/USD,64380.0,65635.0,63766.0,64006.0,9120084.735,142.4879657,-0.005795130874395844,0.006515553951502683,0.012870608960501188,823.7961971258391,0.0,1529.0,899.3333333333334,0.14154002965159376,0.15015752409191993,2.9542566709021605,47.8487084509097,-1,-1.0,80,,1,,,1,,38.40153308518347,0.0
2024-04-14 03:00:00,14-04-24 03:00,BTC/USD,63163.0,63608.0,62190.0,63488.0,10167758.38,160.1524443,0.004926429467127682,0.006543197855450269,0.012099290649358063,768.1597647464447,0.0,0.0,972.0,0.1309585048010974,0.12212791495198902,3.4891598915989155,36.53383928692464,1,1.0,81,,,,,,,54.77219476641561,
2024-04-14 04:00:00,14-04-24 04:00,BTC/USD,63485.0,64210.0,63467.0,63980.0,8140374.838,127.2331172,0.0077196228589644054,0.006562164719722881,0.012014633446917602,768.6962479337882,0.0,1277.0,967.0416666666666,0.09918566073505969,0.17777586281184024,28.375855631611692,35.218336743797344,-1,-1.0,82,1,,1,,,,41.29267908391466,-967.0
2024-04-15 18:00:00,15-04-24 18:00,BTC/USD,64032.0,64151.0,62493.0,63263.0,8586676.245,135.7298302,-0.01166056522274143,0.006894496508468174,0.009496717223586486,600.7908217157519,0.0,0.0,776.3333333333334,0.19310863031343922,0.16659510519536283,7.370934049537441,23.22662657565608,1,1.0,83,1,,,,,,43.74638264132432,
2024-04-15 20:00:00,15-04-24 20:00,BTC/USD,63424.0,63725.0,63046.0,63247.0,13279183.55,209.9575245,-0.0024634832829647283,0.006890784298571222,0.00915331140268055,578.9194862853367,0.0,723.0,813.5,0.18428600696578568,0.18587379635320633,0.4289470042894827,20.09449391424497,-1,-1.0,84,,1,,,1,,34.736449983577586,0.0
2024-04-17 05:00:00,17-04-24 05:00,BTC/USD,64184.0,64534.0,63916.0,63994.0,3055593.921,47.74813141,-0.0029646294864889597,0.00715840472935008,0.007145527016951264,457.27085592277916,245.0,0.0,700.0833333333334,0.2113438876324247,0.17724080466611117,8.776229131566856,23.776881420139016,1,1.0,85,,,,,,,39.44969557208947,
2024-04-17 07:00:00,17-04-24 07:00,BTC/USD,63959.0,64004.0,63332.0,63359.0,4208161.006,66.4177308,-0.00967541749251504,0.007181760354683774,0.007126084059666382,451.50155993640226,0.0,0.0,684.625,0.15762887225366687,0.181242772807498,6.968390804597692,21.98605896487285,-1,-1.0,86,,1,,,,1,29.233482117990206,684.0
2024-04-18 14:00:00,18-04-24 14:00,BTC/USD,62830.0,63982.0,62623.0,63856.0,9366217.525,146.6771725,0.016118305239270107,0.007547628401219121,0.007955078124410752,507.979468712373,1147.0,0.0,763.5416666666666,0.19476125511596182,0.17369713506139156,5.716824644549762,22.6041801299678,1,1.0,87,,,,,,,43.02557218386408,
2024-04-18 15:00:00,18-04-24 15:00,BTC/USD,63856.0,64194.0,63477.0,63506.0,8027758.115,126.4094434,-0.0054961586824834995,0.007553622058723709,0.007897768612728031,501.55569351990636,0.0,854.0,724.8333333333334,0.20516210623131756,0.232064842492527,6.153037075992632,21.998106431545626,-1,-1.0,88,1,,,1,,,30.95038132143418,0.0
2024-04-18 18:00:00,18-04-24 18:00,BTC/USD,62820.0,63209.0,62208.0,63113.0,5351726.611,84.79594712,0.004796553143281955,0.007593870429023299,0.007866555550000686,496.4819204271933,0.0,0.0,687.3333333333334,0.21635548011639186,0.15688651794374392,15.933084294299176,21.38249366124334,1,1.0,89,1,,,,,,38.73123303919205,
2024-04-18 20:00:00,18-04-24 20:00,BTC/USD,63552.0,63651.0,63296.0,63525.0,2933746.601,46.18255177,-6.296535333518798e-05,0.007605782600836261,0.007653135821151865,486.16545303867224,0.0,166.0,666.2083333333334,0.22321596097316906,0.22665582588029268,0.764632281384672,21.23360841077331,-1,-1.0,90,1,,,1,,,28.447095222684766,0.0
2024-04-21 02:00:00,21-04-24 02:00,BTC/USD,65021.0,65433.0,65015.0,65379.0,774699.9122,11.84936925,0.005244767267295084,0.008195232565379186,0.006254211706349722,408.89410714943847,290.0,0.0,362.25,0.24603174603174602,0.20784449045318612,8.413583375570191,45.63698088883853,1,1.0,91,1,,,1,,,20.412787472664704,0.0
2024-04-21 23:00:00,21-04-24 23:00,BTC/USD,65108.0,65117.0,64960.0,65011.0,114854.0105,1.7666858,-0.0018441400010530333,0.008100886332149053,0.004768627788550302,310.0132611614437,0.0,318.0,349.4583333333333,0.14605937760820317,0.177417431739597,9.694065610025804,24.54621000970151,-1,-1.0,92,1,,,,,,14.921868916502717,
2024-04-22 01:00:00,22-04-24 01:00,BTC/USD,64972.0,65695.0,64690.0,64736.0,2700481.239,41.71529348,-0.0037159001381337825,0.008100057066697959,0.004648345578264252,300.9152993545146,479.0,0.0,379.1666666666667,0.19813186813186812,0.14868131868131867,14.258555133079845,24.66962798810926,1,1.0,93,1,,1,,,,21.366041629737758,379.0
2024-04-23 22:00:00,23-04-24 22:00,BTC/USD,66428.0,66517.0,66362.0,66400.0,394952.0718,5.94807337,-0.0005119171408298875,0.006744129739489721,0.00402266571229352,267.10500329628974,0.0,40.0,359.9166666666667,0.13058578374623755,0.1373003009956008,2.506482281763172,38.262173864349045,-1,-1.0,94,,,,,,,15.36843979355126,
2024-04-23 23:00:00,23-04-24 23:00,BTC/USD,66429.0,66488.0,66221.0,66458.0,427561.9239,6.43356592,0.0008731127020514567,0.00673334933294156,0.003945562938593499,262.21422177304675,0.0,0.0,353.7083333333333,0.13287784191306398,0.10684415125456473,10.859950859950867,37.03828534859834,1,1.0,95,1,,1,,,,19.931464558342462,353.0
2024-04-24 14:00:00,24-04-24 14:00,BTC/USD,66109.0,66249.0,64830.0,65300.0,6482309.719,99.26967411,-0.012690950494629333,0.006682138408429683,0.004323665557853651,282.33536092784345,0.0,0.0,359.5833333333333,0.09837775202780998,0.13707995365005793,16.43700787401574,22.00173538177197,-1,-1.0,96,,1,,,,1,15.354206457718647,359.0
2024-04-25 21:00:00,25-04-24 21:00,BTC/USD,64872.0,65381.0,64780.0,64797.0,4589047.083,70.82190661,-0.0013725779627673752,0.006207867654185013,0.0046107934354265336,298.7655822353331,351.0,0.0,507.375,0.1877309682187731,0.17015685308368234,4.910509407985322,32.85733114170571,1,1.0,97,,1,,,,,28.590580975588956,
2024-04-26 00:00:00,26-04-24 00:00,BTC/USD,64557.0,64595.0,64201.0,64371.0,939187.0548,14.59022005,-0.0028543524956282495,0.006208772472490491,0.0044002452472439125,283.24818681033787,0.0,0.0,485.6666666666667,0.16257721345229922,0.17776252573781742,4.461809931938497,29.913478586222777,-1,-1.0,98,1,,,1,,,20.737965826861,0.0
2024-05-01 18:00:00,01-05-24 18:00,BTC/USD,57516.0,59532.0,57411.0,59009.0,11555470.59,195.825562,0.025557261232404902,0.005701876141149059,0.010172137954724323,600.2476885703276,1743.0,0.0,799.2083333333334,0.16808299880089672,0.1418591314321464,8.460891505466776,28.378074811729416,1,1.0,99,,1,,,,1,45.03538893864774,-399.0
2024-05-02 21:00:00,02-05-24 21:00,BTC/USD,58856.0,59751.0,58835.0,59209.0,6468869.801,109.2548397,0.005962784255248094,0.006261839253958396,0.008651381446629622,512.2396440734933,184.0,0.0,532.75,0.19646488346629126,0.21210699202252464,3.828483920367534,22.844156551867112,-1,-1.0,100,,,,,,,22.74841926780482,
2024-05-02 22:00:00,02-05-24 22:00,BTC/USD,59203.0,59599.0,59172.0,59478.0,12364801.31,207.8886531,0.004532938916765815,0.006242510910019299,0.00852402542150196,506.9919840200935,0.0,337.0,537.5416666666666,0.19471358809394623,0.18835749166731264,1.6592472683124242,22.49420187866146,1,1.0,101,,,,,,,30.29047258025674,
2024-05-02 23:00:00,02-05-24 23:00,BTC/USD,59481.0,59528.0,59194.0,59195.0,3584294.428,60.55062806,-0.004769417415215902,0.0062455831005573115,0.008414037325046616,498.0689394561344,0.0,22.0,522.2083333333334,0.17242479853187584,0.19564350115694565,6.308259267288098,21.885872401334098,-1,-1.0,102,,,,,,,22.29829255736786,
2024-05-03 01:00:00,03-05-24 01:00,BTC/USD,59173.0,59645.0,59135.0,59452.0,4357118.944,73.28801291,0.00470390751437979,0.0062482746082464175,0.008135284375376329,483.6589266848735,388.0,0.0,480.0,0.21875,0.21284722222222224,1.3676588897827786,20.45915070064112,1,1.0,103,1,,1,,,,27.04799982986222,479.0
2024-05-06 21:00:00,06-05-24 21:00,BTC/USD,63419.0,63704.0,63419.0,63703.0,1762499.595,27.66745043,0.004468156141204545,0.006698069526904639,0.005597700278305369,356.59030082888694,0.0,250.0,501.7083333333333,0.1736566730338012,0.18412092018935305,2.924791086350973,20.447415623958346,-1,-1.0,104,,1,,,1,,21.422944915006155,0.0
2024-05-09 15:00:00,09-05-24 15:00,BTC/USD,61670.0,62414.0,61605.0,62296.0,4462162.106,71.62838876,0.010148276473673536,0.006852191654687784,0.004930306131202637,307.1383507493995,747.0,0.0,415.625,0.14355889724310777,0.14135338345864662,0.7741027445460951,62.999051374745655,1,1.0,105,1,,,1,,,23.42046869730425,0.0
2024-05-10 22:00:00,10-05-24 22:00,BTC/USD,60756.0,60988.0,60675.0,60906.0,6398859.877,105.0612399,0.002465849254576681,0.0067448178396472755,0.006957593682725904,423.7592008401039,159.0,0.0,488.2083333333333,0.09055218912690963,0.1037808312708031,6.807202459376368,32.85399103333638,-1,-1.0,106,,,,,,,20.846494975707174,
2024-05-10 23:00:00,10-05-24 23:00,BTC/USD,60898.0,61029.0,60800.0,60807.0,9246869.304,152.0691582,-0.0016267781064119107,0.006741493812734658,0.006821716504162828,414.80811546862907,0.0,125.0,479.0416666666667,0.09228494389840829,0.08480473166913108,4.223968565815327,31.77549916330963,1,1.0,107,1,,,1,,,26.993997750664846,0.0
2024-05-15 09:00:00,15-05-24 09:00,BTC/USD,62243.0,62984.0,62046.0,62768.0,3705988.776,59.04264555,0.008415376437243587,0.004584666815534911,0.003471623932914216,217.9068910211595,651.0,0.0,370.2083333333333,0.22228474957794037,0.21328081035453011,2.0671834625323013,20.700887073670472,1,1.0,108,,,,,,,20.86123955088885,
2024-05-15 10:00:00,15-05-24 10:00,BTC/USD,62753.0,63051.0,62490.0,62778.0,1677968.634,26.72860929,0.00015930415976840348,0.004584295559728166,0.003403451427901547,213.66187374080332,0.0,444.0,381.6666666666667,0.21561135371179038,0.2553493449781659,8.43764487714418,20.91479468265494,-1,-1.0,109,,1,,,,,16.297162607400423,
2024-05-15 12:00:00,15-05-24 12:00,BTC/USD,62557.0,64274.0,62513.0,63816.0,14105148.61,221.0284037,0.019925801485795126,0.004767897688670637,0.005106354127668581,325.86709501129815,1369.0,0.0,432.9583333333333,0.2995861803483784,0.20642864016937734,18.410041841004187,21.708834814026474,1,1.0,110,1,,,,,,24.397202024067397,
2024-05-15 14:00:00,15-05-24 14:00,BTC/USD,64222.0,64562.0,64080.0,64562.0,4916767.38,76.15574766,0.005124473533797772,0.004776612660170492,0.005071376801390353,327.418229051364,0.0,465.0,427.0,0.28044496487119436,0.3322599531615925,8.456760630673681,21.600279562909492,-1,-1.0,111,,,,,,,18.2328993271567,
2024-05-15 15:00:00,15-05-24 15:00,BTC/USD,64564.0,65147.0,64474.0,64786.0,7650675.764,118.0914976,0.0034635282173022678,0.004771545560896453,0.004986716031909212,323.0693848432702,585.0,0.0,439.6666666666667,0.3278051554207733,0.27397649734647456,8.944881889763789,21.531001584725733,1,1.0,112,1,,1,,,,24.775216604339292,439.0
2024-05-17 19:00:00,17-05-24 19:00,BTC/USD,66912.0,67200.0,66799.0,67200.0,6886466.856,102.4771854,0.004025950416553057,0.00456015654040719,0.004671606298321489,313.93194324720406,0.0,463.0,400.25,0.1960233187591089,0.22361024359775142,6.574051103944434,34.98722641526249,-1,-1.0,113,,1,,,1,,17.090674825784845,0.0
2024-05-25 10:00:00,25-05-24 10:00,BTC/USD,69158.0,69503.0,69092.0,69463.0,4134410.311,59.51960484,0.00441495450932527,0.004635027396114956,0.004005457130776731,278.23106867514406,304.0,0.0,298.7083333333333,0.25833449574557127,0.2362951597154415,4.455724760293299,40.23422946101926,1,1.0,114,1,,,1,,,16.83221455153211,0.0
2024-05-25 14:00:00,25-05-24 14:00,BTC/USD,69085.0,69119.0,69022.0,69079.0,393353.7548,5.69425954,-0.00017369906680428477,0.004432114546986564,0.0037889746032784143,261.7385766198696,0.0,70.0,258.0833333333333,0.23248304811107526,0.28479173393606716,10.112359550561793,30.52030205309048,-1,-1.0,115,,,,,,,11.020157672175628,
2024-05-25 15:00:00,25-05-24 15:00,BTC/USD,69079.0,69241.0,68917.0,68987.0,1691349.749,24.51693433,-0.0013326961542538735,0.004428519625729035,0.0037264545580355775,257.07692059520036,122.0,0.0,249.5,0.2608550434201737,0.14963259853039412,27.09519934906428,29.21942031064795,1,1.0,116,1,,1,,,,14.059324967700668,249.0
2024-05-28 14:00:00,28-05-24 14:00,BTC/USD,67810.0,68280.0,67604.0,68024.0,6955252.435,102.2470369,0.0034753959523659986,0.004412915089511245,0.004531133960458618,308.225856526237,0.0,0.0,511.75,0.13841393909786678,0.16202572870867937,7.859078590785913,22.771973762808567,-1,-1.0,117,1,,,1,,,21.851723347622283,0.0
2024-06-09 14:00:00,09-06-24 14:00,BTC/USD,69465.0,69556.0,69309.0,69483.0,206864.0705,2.97718968,0.0002446940976159231,0.003337100861498258,0.0024248353618813,168.48483544959836,0.0,0.0,109.0,0.19571865443425077,0.1441131498470948,15.185601799775025,30.32317986977807,1,1.0,118,1,,1,,,,6.14214924192474,108.0
2024-06-09 17:00:00,09-06-24 17:00,BTC/USD,69627.0,69704.0,69620.0,69688.0,820692.4647,11.77666836,0.0010911702446632053,0.003271120291235977,0.0023100176821644405,160.98051223467553,0.0,87.0,109.66666666666667,0.19452887537993918,0.2066869300911854,3.030303030303038,25.505847098203393,-1,-1.0,119,,,,,,,4.682766649480982,
2024-06-09 18:00:00,09-06-24 18:00,BTC/USD,69688.0,69798.0,69655.0,69722.0,4032286.861,57.83378075,0.000487769897053459,0.0032712605228102016,0.002266116906640464,157.99820296478643,94.0,0.0,114.16666666666667,0.22116788321167882,0.17007299270072992,13.059701492537313,24.145359551075263,1,1.0,120,,1,,,,,6.433290891198885,
2024-06-09 20:00:00,09-06-24 20:00,BTC/USD,69700.0,69700.0,69584.0,69680.0,635054.3257,9.11386805,-0.00028698522223080523,0.0032024859769122396,0.002179181814445299,151.84538883054844,0.0,483.0,139.91666666666666,0.18046456223942825,0.2793329362715903,21.502590673575135,23.294866857716233,-1,-1.0,121,1,,,1,,,5.974441643616956,0.0
2024-06-12 12:00:00,12-06-24 12:00,BTC/USD,67757.0,69493.0,67740.0,69328.0,16011713.71,230.9559444,0.022935848273418085,0.0036856399770232116,0.005607140028449367,388.7318038923377,1495.0,0.0,402.75,0.2743637492240844,0.21518725429339955,12.087912087912086,40.26109165858198,1,1.0,122,,,,,,,22.694962452365232,
2024-06-12 13:00:00,12-06-24 13:00,BTC/USD,69342.0,69657.0,69103.0,69340.0,3491805.786,50.35774136,0.0001730752593238039,0.003675766318896354,0.005497498835427681,381.1965692485554,0.0,1363.0,397.1666666666667,0.26605119597146454,0.3612043642467478,15.169760829570162,40.88683591255669,-1,-1.0,123,1,,1,,,,16.959016531101952,-397.0
2024-06-14 05:00:00,14-06-24 05:00,BTC/USD,66725.0,67197.0,66725.0,67084.0,805209.5619,12.00300462,0.0053658701787935165,0.0039491599576771015,0.004959673856052611,332.71476095943336,387.0,0.0,402.4583333333333,0.16502743555233462,0.15053318148876696,4.593175853018374,23.704299803373672,1,1.0,124,,,,,,,22.67852703582306,
2024-06-14 06:00:00,14-06-24 06:00,BTC/USD,67080.0,67101.0,66893.0,66974.0,349395.0211,5.21687552,-0.001641081094558754,0.00395036494103709,0.004869343076699539,326.11938321887493,0.0,168.0,400.5416666666667,0.16581712264641632,0.16872984500156038,0.8706467661691494,22.719143396304307,-1,-1.0,125,,,,,,,17.1031289885741,
2024-06-14 08:00:00,14-06-24 08:00,BTC/USD,66918.0,67221.0,66893.0,67178.0,374923.7567,5.5810497,0.003922655727542157,0.003954762995868334,0.004752711953705251,319.2776836260113,149.0,0.0,398.75,0.16792058516196445,0.158098223615465,3.0128205128205074,21.142990058364216,1,1.0,126,,1,,,,1,22.46956245413302,-199.0
2024-06-15 21:00:00,15-06-24 21:00,BTC/USD,66051.0,66129.0,66051.0,66128.0,110652.3831,1.67330606,0.0011802268010422533,0.0038978061621521036,0.0034077193364483514,225.3456642806566,0.0,165.0,145.45833333333334,0.16585505585792035,0.21025494127757088,11.80502665651181,25.95306625805267,-1,-1.0,127,,,,,,,6.2110708095960945,
2024-06-15 22:00:00,15-06-24 22:00,BTC/USD,66129.0,66195.0,66030.0,66195.0,1264406.426,19.10123764,0.0010126736202436793,0.0038982514470311245,0.0033488426630050023,221.67664007761613,66.0,0.0,137.79166666666666,0.1950408224977321,0.18445721197459936,2.7888446215139453,25.18920581198647,1,1.0,128,,,,,,,7.764560405389956,
2024-06-15 23:00:00,15-06-24 23:00,BTC/USD,66199.0,66256.0,66199.0,66229.0,337342.8449,5.09358204,0.0005135020954979134,0.003898264670572313,0.0032852032411934966,217.57572546100408,0.0,169.0,135.08333333333334,0.19895126465144972,0.22671190623072177,6.521739130434782,24.662550925012884,-1,-1.0,129,,1,,,,1,5.768058311069581,135.0
2024-06-16 10:00:00,16-06-24 10:00,BTC/USD,66389.0,66819.0,66383.0,66690.0,4659852.135,69.87332636,0.004523636536001624,0.0039023971412451347,0.0028291925683333976,188.67885238215428,430.0,0.0,122.20833333333333,0.2921922945789295,0.21377429253324243,15.498652291105127,22.72926863530418,1,1.0,130,,1,,,,1,6.886438842341985,-61.0
2024-06-17 13:00:00,17-06-24 13:00,BTC/USD,65594.0,65785.0,65219.0,65219.0,4008809.023,61.46688884,-0.005733390828774902,0.0038695529710704845,0.0028970566227447237,188.94313587878813,0.0,0.0,263.7916666666667,0.08829568788501027,0.09777286368662139,5.093378607809845,26.001392675342604,-1,-1.0,131,1,,1,,,,11.263903422530348,-263.0
2024-06-17 16:00:00,17-06-24 16:00,BTC/USD,65337.0,66066.0,65205.0,65894.0,2099313.379,31.85894587,0.008167539994093427,0.003902423970631499,0.0033205208122010273,218.8023983991745,328.0,0.0,317.5,0.11299212598425197,0.09435695538057742,8.987341772151902,25.7523720701754,1,1.0,132,,,,,,,17.89112496974751,
2024-06-17 17:00:00,17-06-24 17:00,BTC/USD,65905.0,66611.0,65905.0,66611.0,2666280.249,40.02762681,0.010822338750787463,0.003857541973680966,0.0039059531557419066,260.1794456571241,0.0,700.0,342.3333333333333,0.10479552093476145,0.17271178188899708,24.47368421052631,26.428218957066335,-1,-1.0,133,,,,,,,14.61763143196913,
2024-06-17 18:00:00,17-06-24 18:00,BTC/USD,66613.0,67302.0,66591.0,67099.0,7901339.054,117.7564353,0.007299411663681769,0.0038345326689549456,0.0040710541504733085,273.16366244260854,691.0,0.0,368.375,0.1755457527429024,0.15891867435810428,4.971254649983099,26.311575374276355,1,1.0,134,,1,,,,1,20.757931218604003,-184.0
2024-06-17 21:00:00,17-06-24 21:00,BTC/USD,66442.0,66766.0,66367.0,66607.0,1596770.444,23.97301251,0.001923568812165149,0.003855559551708799,0.0040936966609451085,272.66885349557083,0.0,172.0,419.0,0.15433571996817821,0.15990453460620524,1.77215189873417,25.21024601004405,-1,-1.0,135,,1,,,,1,17.891299498839544,418.0
2024-06-19 21:00:00,19-06-24 21:00,BTC/USD,64950.0,65186.0,64930.0,65119.0,1647346.056,25.29747165,0.0025986221944114757,0.004103004390585773,0.003094412721710062,201.50506202503752,183.0,0.0,303.3333333333333,0.1565934065934066,0.13076923076923078,8.986615678776289,24.881434892383336,1,1.0,136,,1,,,1,,17.092833301856185,-151.0
2024-06-21 05:00:00,21-06-24 05:00,BTC/USD,64797.0,64824.0,64640.0,64799.0,1803761.473,27.83625477,6.173125300972092e-05,0.004122191060086265,0.003229809522909417,209.2884272750073,0.0,182.0,336.7916666666667,0.15588271681306445,0.17580106396140047,6.005221932114883,28.240909511848884,-1,-1.0,137,,1,,,,1,14.38100230164946,336.0
2024-06-24 08:00:00,24-06-24 08:00,BTC/USD,62578.0,63052.0,62469.0,62787.0,2420023.151,38.54337922,0.003350247222850197,0.003323471916907692,0.003045862984362264,191.24059919915345,360.0,0.0,266.6666666666667,0.1009375,0.05984375,25.55879494655005,28.551228159198796,1,1.0,138,,1,,,,,15.026666633697321,
2024-06-24 10:00:00,24-06-24 10:00,BTC/USD,61449.0,61629.0,61234.0,61267.0,8810374.977,143.8029441,-0.002949926761295206,0.003593038420282359,0.0049715343557166876,304.5909953716943,0.0,488.0,366.5,0.07173715325147795,0.09902228285584355,15.978695073235677,28.225420488630565,-1,-1.0,139,,1,,,1,,15.649547764348426,0.0
2024-06-25 14:00:00,25-06-24 14:00,BTC/USD,61251.0,62186.0,61248.0,61845.0,8858011.395,143.2292246,0.00966740540213673,0.003984027339032572,0.0059727757992299605,369.3863193033769,705.0,0.0,562.9166666666666,0.21088082901554406,0.20103626943005184,2.3899371069182354,26.100311980112693,1,1.0,140,,,,,,,31.72035382055801,
2024-06-25 15:00:00,25-06-24 15:00,BTC/USD,61845.0,62026.0,61411.0,61874.0,5424005.415,87.66211034,0.0004688043151195091,0.003983155248086889,0.00585515767576254,362.2820260301314,0.0,163.0,561.3333333333334,0.21147565320665082,0.2137024940617577,0.5237430167597751,25.2280373835888,-1,-1.0,141,,1,,,,,23.968933143312825,
2024-06-25 18:00:00,25-06-24 18:00,BTC/USD,61473.0,62291.0,61230.0,62272.0,6854331.687,110.0708454,0.012881298461283611,0.004090354677478489,0.006207290234737356,386.54037749756463,418.0,0.0,548.375,0.2482334169136084,0.22118380062305296,5.762382648106186,23.134921410140407,1,1.0,142,,,,,,,30.900930906631473,
2024-06-25 19:00:00,25-06-24 19:00,BTC/USD,62246.0,62470.0,61903.0,62085.0,4108526.402,66.17582994,-0.0030074726947344277,0.004094127235073454,0.006118887701382331,379.89114294032197,0.0,673.0,512.8333333333334,0.26543711407214815,0.29119272018199543,4.627061742811275,22.753578046984725,-1,-1.0,143,,,,,,,21.897981579807492,
2024-06-25 21:00:00,25-06-24 21:00,BTC/USD,61986.0,62099.0,61880.0,61983.0,2843822.589,45.88068647,-0.00014519056286851174,0.004092927031785212,0.005887918094882056,364.95082727507446,0.0,0.0,455.9166666666667,0.2985743008590751,0.2503198683970024,8.791208791208788,20.976456957461664,1,1.0,144,1,,,1,,,25.690904094654584,0.0
2024-06-27 02:00:00,27-06-24 02:00,BTC/USD,61142.0,61166.0,60947.0,61097.0,1950038.676,31.91709374,-0.0007362626008526255,0.004128281206077139,0.0038516525163088083,235.32441378891926,0.0,0.0,287.25,0.08514650420655642,0.09588047577603714,5.929487179487187,32.93527763778889,-1,-1.0,145,,,,,,,12.265573849886096,
2024-06-27 03:00:00,27-06-24 03:00,BTC/USD,61101.0,61351.0,61008.0,61098.0,2093806.998,34.26964873,1.6367281804042755e-05,0.004127580808115482,0.003775847156639655,230.69670957636964,185.0,0.0,293.0,0.10978384527872581,0.09399886234357224,7.745987438939281,32.40218091658404,1,1.0,146,1,,,1,,,16.510549967839246,0.0
2024-06-27 07:00:00,27-06-24 07:00,BTC/USD,60828.0,60989.0,60804.0,60874.0,1976751.595,32.4728389,0.0006079976524682909,0.0041285865552078554,0.003637922337662387,221.45488438286014,0.0,96.0,296.75,0.09014321819713564,0.11906767761864645,13.825503355704699,27.032078622578993,-1,-1.0,147,,,,,,,12.671223706862293,
2024-06-27 09:00:00,27-06-24 09:00,BTC/USD,60914.0,61416.0,60882.0,61352.0,3026460.027,49.32944365,0.007164737108756382,0.004129409391811931,0.003796745643973003,232.9379387490317,500.0,0.0,300.5,0.15834719911259013,0.11855241264559069,14.371557336004004,25.48256361400449,1,1.0,148,,,,,,,16.933174968325538,
2024-06-27 10:00:00,27-06-24 10:00,BTC/USD,61359.0,61570.0,61208.0,61208.0,3926051.151,64.14277792,-0.002349870533007378,0.004128496467357912,0.0037491109570906987,229.4755834616075,0.0,326.0,304.875,0.15607489408227415,0.16140494738280717,1.678863538527769,23.84626893581199,-1,-1.0,149,1,,,,,,13.018161086442888,
2024-06-27 12:00:00,27-06-24 12:00,BTC/USD,61280.0,61713.0,61258.0,61431.0,4960295.846,80.74580986,0.0023794789414044153,0.0041279820750140415,0.003643747945468718,223.83908003808884,326.0,0.0,311.9583333333333,0.18017897689328172,0.14772271938025913,9.898167006109983,21.124458120360014,1,1.0,150,1,,1,,,,17.578852052564375,311.0
2024-06-28 22:00:00,28-06-24 22:00,BTC/USD,60462.0,60529.0,60404.0,60482.0,1588454.453,26.26325936,0.00031419240408953194,0.004021916058935537,0.00403993566609355,244.34338895667008,0.0,165.0,350.75,0.08861962461392255,0.09871703492516037,5.389980976537732,32.550883225605084,-1,-1.0,151,,,,,,,14.977023084374196,
2024-06-29 00:00:00,29-06-24 00:00,BTC/USD,60546.0,60909.0,60513.0,60881.0,2951218.33,48.47519472,0.0055012162323404765,0.004039482794824811,0.004067997682140065,247.6637668863693,330.0,0.0,357.75,0.12532028884230142,0.09235965525273701,15.141787051899414,30.018148051340585,1,1.0,152,,,,,,,20.15921247589764,
2024-06-29 01:00:00,29-06-24 01:00,BTC/USD,60874.0,61122.0,60867.0,61024.0,1906851.574,31.24756775,0.002346090243894713,0.004040899797495564,0.004020108280223816,245.32308769237815,0.0,354.0,339.625,0.07422402159244264,0.1407189301926144,30.93607305936073,29.12684671757766,-1,-1.0,153,,1,,,1,,14.501985613917896,0.0
2024-07-01 22:00:00,01-07-24 22:00,BTC/USD,63167.0,63188.0,62888.0,63029.0,500554.0253,7.94164631,-0.002234566972339637,0.004012441423274346,0.0039477412134240105,248.82218094090194,0.0,0.0,321.4583333333333,0.22397926117952044,0.24095917044718082,3.65207694452188,21.684512143566156,-1,-1.0,154,,,,,,,13.726269152009081,
2024-07-01 23:00:00,01-07-24 23:00,BTC/USD,63029.0,63065.0,62888.0,62953.0,114864.6947,1.82461034,-0.0012065217129335851,0.004013046033857048,0.003880992123218751,244.32009713299004,0.0,0.0,317.8333333333333,0.22653382275825906,0.13450445726271631,25.490196078431378,21.778880237691013,1,1.0,155,,,,,,,17.909908303115586,
2024-07-02 01:00:00,02-07-24 01:00,BTC/USD,62987.0,63001.0,62874.0,62958.0,158331.4077,2.51487353,-0.0004605184884278116,0.004010704644860589,0.0037319067191531213,234.9533832244422,0.0,12.0,283.0833333333333,0.1413011480718281,0.15278186635266414,3.9039039039039096,20.58117705832267,-1,-1.0,156,,,,,,,12.08765724890418,
2024-07-02 02:00:00,02-07-24 02:00,BTC/USD,62959.0,63140.0,62959.0,63063.0,1294207.211,20.52244916,0.001666389320787263,0.004009525963320646,0.0036687527517831773,231.3625547857025,139.0,0.0,269.75,0.16975594686438059,0.10271856657398826,24.603174603174605,20.52510021309306,1,1.0,157,1,,,1,,,15.200412467034578,0.0
2024-07-02 17:00:00,02-07-24 17:00,BTC/USD,61983.0,62206.0,61959.0,62206.0,2015995.961,32.40838441,0.0035751708907981704,0.0040743092852199144,0.003489008357644592,217.03725389563948,141.0,0.0,273.8333333333333,0.12051125989044431,0.12811929397443703,3.0599755201958456,22.580382438894148,-1,-1.0,158,,,,,,,11.692682404294828,
2024-07-02 18:00:00,02-07-24 18:00,BTC/USD,62207.0,62446.0,62207.0,62407.0,3003144.659,48.12191996,0.00322599045552976,0.004080002587601157,0.0034877238903990738,217.65838482813498,0.0,248.0,267.3333333333333,0.1234413965087282,0.11533665835411472,3.3942558746736324,21.944828892688616,1,1.0,159,,1,,,,1,15.064233300356374,-133.0
2024-07-15 22:00:00,15-07-24 22:00,BTC/USD,63670.0,64847.0,63670.0,64502.0,7929429.879,122.9330855,0.012982737044000502,0.0055887645501664154,0.005602814875358883,361.39276509039865,959.0,0.0,497.6666666666667,0.28901540522438046,0.2033657066309444,17.39500085019555,20.305480802205178,1,1.0,160,1,,1,,,,28.043516425447848,497.0
2024-07-19 21:00:00,19-07-24 21:00,BTC/USD,67042.0,67448.0,67012.0,67015.0,1547543.493,23.09249411,-0.0004028137339353574,0.005101118545200764,0.004757181493522198,318.8025177883901,104.0,0.0,463.25,0.31390537866522755,0.30724950530670986,1.071532001158409,29.960921103298656,1,1.0,161,,,,,,,26.104137402472368,
2024-07-19 22:00:00,19-07-24 22:00,BTC/USD,67011.0,67084.0,66784.0,66818.0,683951.8677,10.2360422,-0.002943969608131386,0.005104891474695818,0.00473642746665574,316.4786104670032,0.0,0.0,460.6666666666667,0.29757597684515197,0.30897250361794504,1.8789144050104412,28.383714586404025,-1,-1.0,162,,,,,,,19.670465725012946,
2024-07-19 23:00:00,19-07-24 23:00,BTC/USD,66821.0,67004.0,66719.0,66789.0,440616.5504,6.5971425,-0.0004341089981127044,0.005104792599441223,0.0046527153594351466,310.750206141314,0.0,0.0,467.9166666666667,0.2929652715939448,0.28343722172751556,1.6530202379113303,26.630636897170486,1,1.0,163,,1,,,1,,26.36710404923886,-233.0
2024-07-26 15:00:00,26-07-24 15:00,BTC/USD,67468.0,67860.0,67462.0,67700.0,1204985.408,17.7988982,0.0031215582826146205,0.0045634519548402065,0.005004844269175153,338.82795702315786,0.0,403.0,450.3333333333333,0.27387120651369357,0.26110288675055515,2.386717398823936,25.537497876709182,1,1.0,164,,,,,,,25.376283265068963,
2024-07-26 16:00:00,26-07-24 16:00,BTC/USD,67704.0,67804.0,67516.0,67532.0,1189447.097,17.61308856,-0.0024846203032821293,0.004550558983826302,0.0049490364468249524,334.2183293269827,0.0,54.0,442.2916666666667,0.2656617993405558,0.27093735280263775,0.9831460674157327,23.44461644560333,-1,-1.0,165,,,,,,,18.88585321850951,
2024-07-26 17:00:00,26-07-24 17:00,BTC/USD,67533.0,67720.0,67445.0,67521.0,958698.4377,14.1985225,-0.00016289901037848902,0.004550263850138656,0.004854089631267781,327.75298599283184,0.0,0.0,444.0,0.26463963963963966,0.25591216216216217,1.6765819361817214,21.52481812591869,1,1.0,166,1,,1,,,,25.01939993544473,443.0
2024-07-27 21:00:00,27-07-24 21:00,BTC/USD,67931.0,69302.0,67775.0,69005.0,3793002.556,54.96706842,0.015230240293371887,0.004670562505665422,0.005350966073072455,369.2434138723647,0.0,917.0,418.5,0.19862604540023895,0.20908004778972522,2.564102564102565,26.685380366242867,-1,-1.0,167,,1,,,,1,17.869949509275102,418.0
2024-07-29 00:00:00,29-07-24 00:00,BTC/USD,68417.0,69146.0,68350.0,68890.0,7543543.809,109.5012891,0.006860465771925774,0.0046390724766985055,0.004252178575596314,292.9325820728301,727.0,0.0,285.3333333333333,0.2799357476635514,0.22955607476635514,9.88822012037833,40.51474891576855,1,1.0,168,,1,,,1,,16.078533300776964,-142.0
2024-07-30 00:00:00,30-07-24 00:00,BTC/USD,66927.0,66946.0,66003.0,66694.0,10612688.22,159.125082,-0.0035771252044889314,0.0048155870508568704,0.005548733343955122,370.06722164174295,0.0,0.0,525.75,0.13298462513869078,0.17934696465366937,14.843948236488197,21.49062398058781,-1,-1.0,169,1,,,1,,,22.4495209906745,0.0
2024-08-01 05:00:00,01-08-24 05:00,BTC/USD,63781.0,64389.0,63651.0,64325.0,3591209.149,55.82913563,0.008743907688944823,0.005024396018239961,0.0054117877738337076,348.11324855185325,298.0,0.0,488.2083333333333,0.10881624989331741,0.10284202440897841,2.822580645161292,27.656298728126885,1,1.0,170,1,,1,,,,27.51053937879965,488.0
2024-08-06 15:00:00,06-08-24 15:00,BTC/USD,56287.0,56558.0,55900.0,56558.0,6091123.967,107.6969477,0.005034043529332371,0.009021344426519319,0.01418678116104742,802.3759689065199,0.0,574.0,913.7083333333334,0.1830452825026221,0.17023120069314604,3.627210533109594,47.5164925224687,1,1.0,171,,,,,,,51.48746127657262,
2024-08-06 16:00:00,06-08-24 16:00,BTC/USD,56558.0,57052.0,56416.0,56940.0,3902291.268,68.53339072,0.0067314215657027715,0.009033983838010726,0.013960606962009155,794.9169604168013,0.0,516.0,881.5416666666666,0.16590253816703693,0.20083187597485466,9.524423250418867,44.7635439613039,-1,-1.0,172,,1,,,,,37.641828741241625,
2024-08-06 20:00:00,06-08-24 20:00,BTC/USD,56911.0,56989.0,56370.0,56669.0,1363559.801,24.06182924,-0.0044370175795314555,0.009034562476224096,0.012980077913282482,735.5680352678049,0.0,0.0,774.6666666666666,0.19449225473321857,0.19336273666092943,0.2912217445569234,33.84546631570421,1,1.0,173,,,,,,,43.65246596403311,
2024-08-06 21:00:00,06-08-24 21:00,BTC/USD,56658.0,56756.0,56260.0,56589.0,621549.284,10.98357073,-0.0014127039733154963,0.00897501215304519,0.012727975757239753,720.2634201264403,0.0,0.0,756.8333333333334,0.15376569037656904,0.1979189605813697,12.554790231684398,31.777248967336842,-1,-1.0,174,1,,,1,,,32.31678311729047,0.0
2024-08-07 01:00:00,07-08-24 01:00,BTC/USD,56410.0,57134.0,55928.0,57073.0,2758457.564,48.33209336,0.011578343974513707,0.008991665614680242,0.012031292205591338,686.6619400497144,650.0,0.0,702.9583333333334,0.1558295299626578,0.12524450240056903,10.88148460565162,24.779008963231988,1,1.0,175,,1,,,,,39.61170180067848,
2024-08-07 03:00:00,07-08-24 03:00,BTC/USD,56869.0,57079.0,56717.0,57001.0,448844.6655,7.87432967,0.0031980347059556652,0.008997490707913376,0.011613527564225207,661.982684688401,0.0,88.0,716.4166666666666,0.15290217517738747,0.15720600209375366,1.3878469617404392,20.78984961931397,-1,-1.0,176,1,,1,,,,30.59098946109225,-716.0
2024-08-12 08:00:00,12-08-24 08:00,BTC/USD,58769.0,59100.0,58362.0,58433.0,524884.0885,8.98266542,-0.005682657635630147,0.009450598930574938,0.005096836490973766,297.8234466770701,0.0,642.0,546.0833333333334,0.096062871967038,0.09926751106363498,1.6406249999999987,42.51492536622221,-1,-1.0,177,1,,1,,,,23.317758230618892,-546.0
2024-08-12 11:00:00,12-08-24 11:00,BTC/USD,59053.0,60035.0,58975.0,59938.0,2573787.773,42.94083508,0.014892282959961535,0.009527096792685485,0.006111330489885052,366.3009269027302,982.0,0.0,573.9166666666666,0.15754319732829972,0.09445331784521563,25.036012676462114,39.85084886149753,1,1.0,178,,1,,,1,,32.34020381898122,-286.0
2024-08-12 15:00:00,12-08-24 15:00,BTC/USD,60381.0,60590.0,59374.0,60300.0,19298860.4,320.0474362,-0.001209881396913336,0.009727522427273831,0.010266230184947097,619.05368015231,0.0,1478.0,763.1666666666666,0.15576545097182792,0.18814151561476308,9.414192729004608,33.7858547552482,-1,-1.0,179,,1,,,,1,32.58721577796405,763.0
2024-08-13 16:00:00,13-08-24 16:00,BTC/USD,59599.0,61238.0,59565.0,61238.0,7185813.417,117.3423923,0.027129116455925913,0.009881313505960554,0.00901128578195975,551.8331187156512,1424.0,0.0,553.0416666666666,0.21637911549762678,0.14149024335116403,20.926315789473687,21.5525925973385,1,1.0,180,,,,,,,31.163897572322227,
2024-08-13 17:00:00,13-08-24 17:00,BTC/USD,61239.0,61635.0,61001.0,61251.0,12724380.87,207.741602,0.00021226395919323452,0.009874129026665238,0.008834746643861054,541.1370666831334,0.0,1436.0,553.7083333333334,0.2161185943261344,0.24937918579276094,7.145166505011319,21.23664247885318,-1,-1.0,181,,1,,,,1,23.643345693745687,553.0
2024-08-19 05:00:00,19-08-24 05:00,BTC/USD,58674.0,58701.0,58500.0,58571.0,410845.9011,7.01449354,-0.0017399615457245113,0.006086663167894969,0.0046933400843299925,274.893622079292,0.0,0.0,289.8333333333333,0.11357101782633698,0.14174813110983325,11.03603603603604,45.19435235274952,-1,-1.0,182,1,,,1,,,12.375882143543095,0.0
2024-08-19 17:00:00,19-08-24 17:00,BTC/USD,58796.0,59379.0,58692.0,59129.0,1689228.794,28.56853311,0.005647672420931784,0.0060725014071849985,0.0046359096377856695,274.11670097262885,583.0,0.0,365.7916666666667,0.17781068458822188,0.16379997721836198,4.101367122374128,25.116017447258965,1,1.0,183,1,,,,,,20.612360386872027,
2024-08-19 19:00:00,19-08-24 19:00,BTC/USD,59133.0,59218.0,58992.0,59060.0,511071.7175,8.6534324,-0.0013198194778676596,0.006058355638447979,0.004462283796561722,263.5424810249353,0.0,134.0,380.75,0.15572335303129786,0.17892317793827972,6.932635709614134,21.087418364479483,-1,-1.0,184,1,,1,,,,16.258021061410545,-380.0
2024-08-21 00:00:00,21-08-24 00:00,BTC/USD,59172.0,59419.0,59132.0,59136.0,540228.4544,9.13535671,-0.0006085810107704459,0.006398265939023496,0.005865477972677094,346.86090539223267,0.0,0.0,398.3333333333333,0.15774058577405858,0.20188284518828453,12.274578243164632,22.088293380882423,-1,-1.0,185,,,,,,,17.008833183653223,
2024-08-21 01:00:00,21-08-24 01:00,BTC/USD,59136.0,59427.0,58972.0,59415.0,775320.638,13.04924073,0.004706843722770592,0.006405760640104324,0.005834345209035959,346.6476205948715,8.0,0.0,396.25,0.1594111461619348,0.09915878023133542,23.302155347702318,22.686501393145875,1,1.0,186,1,,,1,,,22.328687455297977,0.0
2024-08-21 04:00:00,21-08-24 04:00,BTC/USD,59461.0,59540.0,59351.0,59510.0,416613.068,7.00072371,0.0008237301993035219,0.006403133507469022,0.005516009470387904,328.25772358278414,0.0,0.0,389.25,0.11699850139156497,0.1389424106187112,8.573818485989134,21.556049399828577,-1,-1.0,187,1,,1,,,,16.620969473426157,-389.0
2024-08-23 04:00:00,23-08-24 04:00,BTC/USD,60707.0,60818.0,60706.0,60800.0,345394.7297,5.68083437,0.0015307763035939058,0.005542114383837416,0.004573149693137999,278.0475013427903,45.0,0.0,313.4166666666667,0.18984312682797128,0.17561818665248602,3.892324481629687,29.78009735132666,1,1.0,188,1,,1,,,,17.661029136035513,313.0
2024-08-24 18:00:00,24-08-24 18:00,BTC/USD,64138.0,64534.0,64052.0,64330.0,1060696.16,16.4883594,0.003176187511658625,0.0052793054000011,0.0045823454966648376,294.782285800449,141.0,0.0,369.75,0.25816993464052285,0.14728420103673653,27.348526959421893,20.024152142070964,1,1.0,189,,1,,,,1,20.835412467810443,-184.0
2024-08-26 13:00:00,26-08-24 13:00,BTC/USD,63728.0,63975.0,63585.0,63863.0,1813836.655,28.40199575,0.001990611869008994,0.004574256008852564,0.002803198191807068,179.02064612337477,0.0,0.0,286.7916666666667,0.1614121749237251,0.161702745895685,0.08992805755396242,23.972204413011568,-1,-1.0,190,,,,,,,12.246003023660705,
2024-08-26 14:00:00,26-08-24 14:00,BTC/USD,63859.0,63957.0,63152.0,63586.0,3186530.917,50.11371869,-0.004346843618397769,0.004570412270897228,0.0028764681066665207,182.9031010304974,0.0,0.0,313.9583333333333,0.14744525547445256,0.11891174518911747,10.712506228201288,24.024951968957613,1,1.0,191,,1,,,,,17.69155205274992,
2024-08-26 16:00:00,26-08-24 16:00,BTC/USD,63650.0,63919.0,63539.0,63799.0,705612.0396,11.05992319,0.002259639733106223,0.004542590908856542,0.0028134735608000504,179.49679970548243,0.0,339.0,334.0833333333333,0.12322274881516587,0.16001496632576703,12.989872302950248,23.879739246271992,-1,-1.0,192,,1,,,1,,14.265356492901446,0.0
2024-08-29 06:00:00,29-08-24 06:00,BTC/USD,59614.0,59923.0,59558.0,59743.0,2591648.902,43.3799592,0.0022119083368453054,0.0051511034540205536,0.006229202664374153,372.151254777705,285.0,0.0,562.9583333333334,0.16371845163200355,0.16142402486862556,0.7056681083541998,26.14609890899874,1,1.0,193,,,,,,,31.722701737213406,
2024-08-29 07:00:00,29-08-24 07:00,BTC/USD,59741.0,59852.0,59696.0,59767.0,1797513.344,30.07534833,0.00040164003552227044,0.005150559559361198,0.006107903627465055,365.051076102704,0.0,138.0,540.0833333333334,0.17065267705600987,0.17890757599135934,2.3615096005296823,23.511116784257194,-1,-1.0,194,1,,1,,,,23.061558253439216,-540.0
2024-08-31 07:00:00,31-08-24 07:00,BTC/USD,59347.0,59368.0,59252.0,59273.0,2139176.913,36.09024198,-0.001247681834424388,0.005239434866375547,0.005657874987278851,335.3592241209793,0.0,0.0,378.7083333333333,0.17020574320607326,0.1540323467928265,4.98812351543942,23.681416438065167,1,1.0,195,,1,,,1,,21.340214546615517,-189.0
2024-09-02 20:00:00,02-09-24 20:00,BTC/USD,58592.0,59379.0,58557.0,59155.0,2673517.932,45.19513028,0.009545882182762188,0.004941408730142275,0.004927668735620721,291.49624405564373,681.0,0.0,413.5,0.21070133010882708,0.1847037484885127,6.5749235474006085,26.573095201772073,1,1.0,196,,,,,,,23.30072494809871,
2024-09-02 21:00:00,02-09-24 21:00,BTC/USD,59164.0,59438.0,59072.0,59226.0,3381832.169,57.10046548,0.0011995169581799118,0.004879172825622812,0.004832430632384733,286.2055366336182,0.0,515.0,415.6666666666667,0.2096030473135525,0.23536487570168402,5.789592250506871,24.72386288952696,-1,-1.0,197,1,,1,,,,17.74896623384484,-415.0
2024-09-04 02:00:00,04-09-24 02:00,BTC/USD,56989.0,57012.0,56731.0,56857.0,3144052.782,55.29754968,-0.002722428329630746,0.005023204176091283,0.004718282783457967,268.2674042190696,0.0,721.0,414.4166666666667,0.07068168107782023,0.1447818218379248,34.39104059729352,20.388457213227557,-1,-1.0,198,,1,,,1,,17.695591258578133,0.0
2024-09-05 16:00:00,05-09-24 16:00,BTC/USD,56101.0,56518.0,56087.0,56464.0,3101286.083,54.92501563,0.006449629251189685,0.005444110816111561,0.005430466997667201,306.6258885562808,0.0,137.0,403.0833333333333,0.10512714492454,0.10016539177175936,2.416918429003021,28.400732309732764,1,1.0,199,,,,,,,22.713745785555925,
2024-09-05 17:00:00,05-09-24 17:00,BTC/USD,56460.0,56713.0,56324.0,56713.0,3396757.518,59.89380774,0.004400194416804949,0.005445101627304351,0.005417201063837985,307.22572393344365,0.0,237.0,393.625,0.10765322324547476,0.1276595744680851,8.50202429149797,26.913123476421543,-1,-1.0,200,,1,,,,1,16.807787403634393,393.0
2024-09-06 20:00:00,06-09-24 20:00,BTC/USD,53672.0,53929.0,52841.0,52995.0,9103094.479,171.7727046,-0.012712512296577152,0.005952451656792196,0.0075258114205305066,398.8303762310142,0.0,0.0,606.9583333333334,0.11292647765497357,0.10201139562023752,5.07824976045992,31.442527730462306,1,1.0,201,1,,,,,,34.202101731920386,
2024-09-06 22:00:00,06-09-24 22:00,BTC/USD,53913.0,54013.0,53778.0,53806.0,1998780.092,37.14790344,-0.0017640455055944612,0.00577369733339788,0.008125719406759914,437.2124584001239,0.0,1022.0,622.625,0.11001806866091146,0.15873653215552433,18.12749003984064,29.355512527150697,-1,-1.0,202,1,,,,,,26.58608627661397,
2024-09-07 05:00:00,07-09-24 05:00,BTC/USD,54224.0,55084.0,54196.0,54361.0,18393500.71,338.358395,0.002504928280125841,0.005766735493415764,0.007314874935178901,397.64391635126026,853.0,0.0,620.5416666666666,0.16363392197676763,0.12468945142013027,13.507219375873314,20.866199934011963,1,1.0,203,1,,1,,,,34.96752256360477,620.0
2024-09-11 17:00:00,11-09-24 17:00,BTC/USD,57449.0,57999.0,57397.0,57815.0,1827234.821,31.60485723,0.006385473970785573,0.005709552257326488,0.006720558221041802,388.5490735495318,0.0,595.0,521.5833333333334,0.16791819779517492,0.1857325451350056,5.037271289812523,25.53851563630879,-1,-1.0,204,1,,,1,,,22.27160517782613,0.0
2024-09-18 18:00:00,18-09-24 18:00,BTC/USD,60112.0,61391.0,59906.0,60806.0,24159194.64,397.3159663,0.01111306294022099,0.005075518794550699,0.005650546604185241,343.5871368140878,1033.0,0.0,465.375,0.17172531112901782,0.1476407914764079,7.541351275581723,21.13882040344195,1,1.0,205,,1,,,,1,26.223881143696488,-232.0
2024-09-18 21:00:00,18-09-24 21:00,BTC/USD,60371.0,60600.0,60332.0,60352.0,570110.6398,9.44642497,-8.284386421657323e-05,0.005121416205636572,0.005716131486464451,344.97996747110255,0.0,712.0,460.2916666666667,0.1736217977731511,0.19100208201321625,4.766633565044682,20.75274123742123,-1,-1.0,206,,,,,,,19.654453221421136,
2024-09-18 22:00:00,18-09-24 22:00,BTC/USD,60352.0,60831.0,60346.0,60831.0,256521.606,4.21695527,0.007905440443444066,0.005143827758179253,0.0057968134307705525,352.62595780720346,231.0,0.0,472.625,0.18945605219077846,0.18460724676011636,1.2962526514258828,20.47248953408489,1,1.0,207,1,,1,,,,26.632418611901883,472.0
2024-09-22 17:00:00,22-09-24 17:00,BTC/USD,62884.0,63226.0,62884.0,63180.0,822800.496,13.02311643,0.004680133874820305,0.004331006020410038,0.0026140838156256244,165.15781547122694,0.0,309.0,203.16666666666666,0.15381460213289583,0.17309269893355209,5.897114178168125,37.75468002113332,-1,-1.0,208,,1,,,1,,8.675216516472574,0.0
2024-09-22 22:00:00,22-09-24 22:00,BTC/USD,62881.0,64093.0,62477.0,63967.0,4146676.163,64.82524056,0.017377755334243163,0.0044602051347401445,0.004421175998178753,282.8093650755003,683.0,0.0,309.625,0.19539765845781187,0.1606782398062172,9.750566893424036,35.99936209051749,1,1.0,209,,,,,,,17.44736871902627,
2024-09-22 23:00:00,22-09-24 23:00,BTC/USD,63981.0,64037.0,63525.0,63663.0,1077844.231,16.9304656,-0.0047637792823652485,0.004472415639453352,0.0044593646447460625,283.8965313784686,0.0,1048.0,315.0416666666667,0.1509059648194683,0.2965216241237931,32.545078332840674,35.127133420677715,-1,-1.0,210,1,,1,,,,13.4522775847081,-315.0
2024-09-23 23:00:00,23-09-24 23:00,BTC/USD,63369.0,63540.0,63318.0,63456.0,806922.1227,12.71624626,0.0013561890019599665,0.0042118266945675165,0.0035013986465672734,222.1847525165729,37.0,0.0,366.0833333333333,0.176075574778056,0.16924652856817665,1.9775873434409983,25.16972724281661,1,1.0,211,,1,,,,1,20.62879580334937,-183.0
2024-09-25 14:00:00,25-09-24 14:00,BTC/USD,63875.0,64079.0,63782.0,64079.0,2224504.3,34.71502833,0.0032043043211840492,0.0044094735149750675,0.003634862624574312,232.91836212009733,0.0,319.0,350.25,0.2238876992624316,0.2577920532952653,7.038775006174361,20.103129267204057,-1,-1.0,212,,1,,,,1,14.955673083759393,350.0
